order_id,customer_id,order_date,amount
ORD-0001,C001,2025-01-01,303.08
ORD-0002,C001,2025-02-04,301.18
ORD-0003,C001,2025-05-14,36.92
ORD-0004,C001,2025-06-07,214.51
ORD-0005,C001,2025-07-06,293.51
ORD-0006,C002,2025-01-15,245.97
ORD-0007,C002,2025-03-07,286.8
ORD-0008,C002,2025-04-05,105.74
ORD-0009,C002,2025-06-12,61.27
ORD-0010,C003,2025-01-24,197.28
ORD-0011,C003,2025-02-12,54.55
ORD-0012,C003,2025-03-22,256.94
ORD-0013,C003,2025-05-23,51.08
ORD-0014,C003,2025-06-24,133.52
ORD-0015,C003,2025-07-07,349.93
ORD-0016,C003,2025-08-13,263.38
ORD-0017,C004,2025-01-12,158.23
ORD-0018,C004,2025-05-21,89.18
ORD-0019,C004,2025-07-12,126.23
ORD-0020,C005,2025-01-08,281.73
ORD-0021,C005,2025-04-02,326.89
ORD-0022,C005,2025-05-03,104.12
ORD-0023,C005,2025-08-19,212.21
ORD-0024,C006,2025-01-21,197.07
ORD-0025,C006,2025-02-07,304.37
ORD-0026,C006,2025-03-25,244.22
ORD-0027,C006,2025-05-08,399.0
ORD-0028,C006,2025-06-15,59.09
ORD-0029,C006,2025-07-03,82.32
ORD-0030,C006,2025-08-20,183.31
ORD-0031,C007,2025-01-13,248.46
ORD-0032,C007,2025-07-17,306.58
ORD-0033,C008,2025-01-10,188.04
ORD-0034,C008,2025-05-17,310.74
ORD-0035,C008,2025-07-20,136.92
ORD-0036,C009,2025-01-05,165.22
ORD-0037,C009,2025-02-24,370.91
ORD-0038,C009,2025-05-04,373.41
ORD-0039,C009,2025-07-31,115.33
ORD-0040,C010,2025-01-03,57.12
ORD-0041,C010,2025-02-02,391.74
ORD-0042,C010,2025-03-06,73.15
ORD-0043,C010,2025-04-18,86.92
ORD-0044,C010,2025-05-20,183.68
ORD-0045,C010,2025-06-17,308.22
ORD-0046,C011,2025-01-22,268.7
ORD-0047,C011,2025-04-08,49.01
ORD-0048,C011,2025-05-18,111.29
ORD-0049,C011,2025-06-02,290.44
ORD-0050,C011,2025-07-02,364.53
ORD-0051,C012,2025-01-08,129.43
ORD-0052,C013,2025-01-04,61.35
ORD-0053,C013,2025-02-13,179.16
ORD-0054,C013,2025-04-21,394.06
ORD-0055,C013,2025-05-13,298.08
ORD-0056,C013,2025-07-06,96.33
ORD-0057,C014,2025-01-09,198.49
ORD-0058,C014,2025-03-19,61.72
ORD-0059,C014,2025-06-02,372.39
ORD-0060,C014,2025-08-14,205.51
ORD-0061,C015,2025-01-02,86.74
ORD-0062,C015,2025-02-12,124.45
ORD-0063,C015,2025-04-14,286.22
ORD-0064,C015,2025-05-18,273.2
ORD-0065,C015,2025-06-06,136.27
ORD-0066,C015,2025-08-16,47.86
ORD-0067,C016,2025-01-02,244.07
ORD-0068,C016,2025-04-17,55.04
ORD-0069,C016,2025-05-20,50.49
ORD-0070,C017,2025-01-19,247.94
ORD-0071,C017,2025-03-20,236.96
ORD-0072,C017,2025-04-09,101.6
ORD-0073,C017,2025-06-12,74.08
ORD-0074,C017,2025-08-23,375.9
ORD-0075,C018,2025-01-20,399.42
ORD-0076,C018,2025-03-08,214.71
ORD-0077,C018,2025-04-12,355.32
ORD-0078,C019,2025-01-20,393.94
ORD-0079,C019,2025-03-23,331.41
ORD-0080,C019,2025-04-22,63.84
ORD-0081,C019,2025-06-03,303.41
ORD-0082,C019,2025-07-09,251.81
ORD-0083,C020,2025-01-21,344.84
ORD-0084,C020,2025-03-03,59.61
ORD-0085,C020,2025-05-01,150.08
ORD-0086,C020,2025-06-08,85.59
ORD-0087,C021,2025-01-04,53.22
ORD-0088,C021,2025-07-04,40.69
ORD-0089,C021,2025-07-31,362.1
ORD-0090,C022,2025-01-08,275.1
ORD-0091,C022,2025-08-04,391.08
ORD-0092,C023,2025-01-14,34.29
ORD-0093,C023,2025-03-15,325.84
ORD-0094,C023,2025-06-22,65.54
ORD-0095,C024,2025-01-15,156.12
ORD-0096,C024,2025-04-22,97.42
ORD-0097,C024,2025-08-19,216.03
ORD-0098,C025,2025-01-18,149.18
ORD-0099,C025,2025-02-08,91.96
ORD-0100,C025,2025-04-04,248.71
ORD-0101,C025,2025-05-11,188.65
ORD-0102,C025,2025-07-18,96.28
ORD-0103,C025,2025-08-12,25.63
ORD-0104,C026,2025-01-18,282.57
ORD-0105,C026,2025-03-08,161.58
ORD-0106,C026,2025-04-22,370.29
ORD-0107,C026,2025-05-22,343.01
ORD-0108,C026,2025-06-09,215.17
ORD-0109,C026,2025-07-10,175.9
ORD-0110,C026,2025-08-03,96.94
ORD-0111,C027,2025-01-13,278.99
ORD-0112,C027,2025-04-18,337.65
ORD-0113,C027,2025-05-07,186.21
ORD-0114,C027,2025-06-20,145.84
ORD-0115,C027,2025-07-21,105.14
ORD-0116,C027,2025-08-22,88.63
ORD-0117,C028,2025-01-17,273.95
ORD-0118,C028,2025-03-26,113.08
ORD-0119,C028,2025-06-01,116.82
ORD-0120,C029,2025-01-14,357.3
ORD-0121,C029,2025-06-22,27.08
ORD-0122,C030,2025-01-14,107.07
ORD-0123,C030,2025-07-04,325.53
ORD-0124,C031,2025-01-20,143.99
ORD-0125,C031,2025-02-14,254.74
ORD-0126,C031,2025-03-18,185.03
ORD-0127,C031,2025-05-06,303.87
ORD-0128,C031,2025-06-08,306.92
ORD-0129,C031,2025-07-08,312.18
ORD-0130,C031,2025-08-19,114.72
ORD-0131,C032,2025-01-23,132.15
ORD-0132,C032,2025-02-10,359.89
ORD-0133,C032,2025-03-06,111.72
ORD-0134,C032,2025-06-13,149.08
ORD-0135,C032,2025-08-12,171.05
ORD-0136,C033,2025-01-23,32.32
ORD-0137,C033,2025-03-17,27.21
ORD-0138,C033,2025-04-25,171.24
ORD-0139,C033,2025-07-23,229.8
ORD-0140,C033,2025-08-06,208.09
ORD-0141,C034,2025-01-16,35.88
ORD-0142,C034,2025-02-21,324.3
ORD-0143,C035,2025-01-22,35.16
ORD-0144,C035,2025-03-16,93.15
ORD-0145,C035,2025-04-11,104.37
ORD-0146,C035,2025-05-25,354.86
ORD-0147,C035,2025-06-13,119.6
ORD-0148,C035,2025-06-30,305.88
ORD-0149,C035,2025-08-10,109.08
ORD-0150,C036,2025-01-21,40.1
ORD-0151,C036,2025-02-07,99.76
ORD-0152,C036,2025-03-06,114.45
ORD-0153,C036,2025-05-07,199.39
ORD-0154,C037,2025-01-23,67.95
ORD-0155,C037,2025-02-09,65.54
ORD-0156,C037,2025-03-11,240.92
ORD-0157,C037,2025-05-23,99.37
ORD-0158,C037,2025-06-20,116.07
ORD-0159,C037,2025-07-09,343.86
ORD-0160,C037,2025-08-02,323.59
ORD-0161,C038,2025-01-02,155.2
ORD-0162,C038,2025-02-11,50.86
ORD-0163,C038,2025-04-14,333.37
ORD-0164,C038,2025-05-12,263.34
ORD-0165,C038,2025-08-22,220.66
ORD-0166,C039,2025-01-20,328.07
ORD-0167,C039,2025-02-15,199.33
ORD-0168,C039,2025-04-11,344.39
ORD-0169,C039,2025-06-14,116.45
ORD-0170,C039,2025-07-19,275.57
ORD-0171,C039,2025-08-14,344.11
ORD-0172,C040,2025-01-07,158.06
ORD-0173,C040,2025-02-08,355.12
ORD-0174,C040,2025-04-01,218.74
ORD-0175,C040,2025-05-08,295.03
ORD-0176,C041,2025-01-16,193.07
ORD-0177,C041,2025-02-09,108.1
ORD-0178,C041,2025-04-19,163.38
ORD-0179,C041,2025-05-12,184.56
ORD-0180,C041,2025-07-22,195.15
ORD-0181,C041,2025-08-06,70.25
ORD-0182,C042,2025-01-04,303.58
ORD-0183,C042,2025-04-24,206.57
ORD-0184,C042,2025-08-02,337.24
ORD-0185,C043,2025-01-12,92.29
ORD-0186,C043,2025-02-17,72.47
ORD-0187,C043,2025-03-03,232.51
ORD-0188,C043,2025-05-25,209.08
ORD-0189,C044,2025-01-06,387.06
ORD-0190,C044,2025-02-15,67.78
ORD-0191,C044,2025-03-17,52.78
ORD-0192,C044,2025-05-05,329.18
ORD-0193,C044,2025-07-07,69.42
ORD-0194,C045,2025-01-20,109.63
ORD-0195,C045,2025-02-14,365.69
ORD-0196,C045,2025-03-20,396.26
ORD-0197,C045,2025-04-20,47.59
ORD-0198,C045,2025-06-24,102.92
ORD-0199,C045,2025-07-21,55.45
ORD-0200,C045,2025-08-16,53.15
ORD-0201,C046,2025-01-15,283.51
ORD-0202,C046,2025-03-11,290.11
ORD-0203,C047,2025-01-22,326.46
ORD-0204,C047,2025-02-03,229.21
ORD-0205,C047,2025-06-05,322.24
ORD-0206,C048,2025-01-15,71.63
ORD-0207,C048,2025-02-22,175.94
ORD-0208,C048,2025-03-19,210.17
ORD-0209,C048,2025-04-02,358.53
ORD-0210,C048,2025-05-20,118.89
ORD-0211,C048,2025-06-21,338.48
ORD-0212,C048,2025-06-30,399.84
ORD-0213,C048,2025-08-07,241.09
ORD-0214,C049,2025-01-06,201.44
ORD-0215,C049,2025-02-08,93.06
ORD-0216,C049,2025-03-22,330.34
ORD-0217,C049,2025-05-14,149.99
ORD-0218,C049,2025-06-05,148.68
ORD-0219,C049,2025-08-11,330.09
ORD-0220,C050,2025-01-15,58.02
ORD-0221,C050,2025-02-03,388.82
ORD-0222,C050,2025-03-18,334.35
ORD-0223,C050,2025-04-18,198.24
ORD-0224,C050,2025-05-17,160.67
ORD-0225,C051,2025-01-18,74.13
ORD-0226,C051,2025-02-22,206.77
ORD-0227,C051,2025-03-22,253.33
ORD-0228,C051,2025-04-06,141.53
ORD-0229,C051,2025-05-14,59.95
ORD-0230,C052,2025-01-05,211.89
ORD-0231,C053,2025-01-20,215.59
ORD-0232,C053,2025-04-14,152.45
ORD-0233,C053,2025-05-31,131.06
ORD-0234,C053,2025-07-18,242.47
ORD-0235,C054,2025-01-15,226.97
ORD-0236,C054,2025-02-17,311.08
ORD-0237,C054,2025-03-12,351.1
ORD-0238,C054,2025-05-13,112.59
ORD-0239,C054,2025-07-23,202.37
ORD-0240,C055,2025-01-22,322.15
ORD-0241,C055,2025-03-03,72.34
ORD-0242,C055,2025-05-04,352.82
ORD-0243,C056,2025-01-14,351.6
ORD-0244,C056,2025-03-10,151.96
ORD-0245,C056,2025-05-11,344.63
ORD-0246,C056,2025-07-10,260.05
ORD-0247,C057,2025-01-18,38.46
ORD-0248,C057,2025-02-20,281.65
ORD-0249,C057,2025-03-09,305.04
ORD-0250,C057,2025-04-04,310.14
ORD-0251,C057,2025-06-05,285.25
ORD-0252,C057,2025-07-31,135.01
ORD-0253,C058,2025-01-05,116.57
ORD-0254,C058,2025-02-21,322.19
ORD-0255,C058,2025-03-04,253.56
ORD-0256,C058,2025-04-22,115.31
ORD-0257,C058,2025-06-14,264.21
ORD-0258,C059,2025-01-15,362.95
ORD-0259,C059,2025-02-05,52.7
ORD-0260,C059,2025-05-14,283.87
ORD-0261,C059,2025-06-09,99.71
ORD-0262,C059,2025-07-15,64.99
ORD-0263,C059,2025-08-10,240.55
ORD-0264,C060,2025-01-10,33.23
ORD-0265,C060,2025-02-12,127.93
ORD-0266,C060,2025-03-23,316.87
ORD-0267,C060,2025-06-09,315.9
ORD-0268,C060,2025-07-11,107.13
ORD-0269,C060,2025-08-07,279.16
